source_id,claim_area,claim_type,claim_text,source_speaker,verification_status,authority_level,source_date,as_of_date,url_or_path,used_by_agent,used_by_skill,confidence,upstream_sources,notes,evidence_category,freshness_status,conflict_status,treatment,readiness_impact
sec_apple_10k_2025,business_model,fact,"Apple FY2025 Form 10-K is the primary source for business model, segment mix, products, services framing and risk disclosures.",company,verified,L1,2025-10-31,2025-10-31,https://www.sec.gov/Archives/edgar/data/320193/000032019325000079/aapl-20250927.htm,research-orchestrator,equity-research-core,high,not_applicable,"Primary filing.",verified_fact,acceptable_for_period,none,use_normally,supports_durable_conclusion
apple_q1_2026_results,financial_quality,reported_metric,"Apple fiscal Q1 2026 results were used for latest reported revenue growth, EPS growth, cash flow and installed base update.",company,disclosed,L1,2026-01-29,2026-01-29,https://www.apple.com/newsroom/2026/01/apple-reports-first-quarter-results/,research-orchestrator,equity-research-core,high,not_applicable,"Quarterly results source.",reported_fact,acceptable_for_period,none,use_normally,supports_durable_conclusion
apple_q1_2026_results,capital_allocation,reported_metric,"Apple fiscal Q1 2026 results support dividend and shareholder return references.",company,disclosed,L1,2026-01-29,2026-01-29,https://www.apple.com/newsroom/2026/01/apple-reports-first-quarter-results/,research-orchestrator,equity-research-core,high,not_applicable,"Quarterly results source.",reported_fact,acceptable_for_period,none,use_normally,supports_durable_conclusion
financecharts_aapl_summary,valuation_context,market_pricing,"FinanceCharts summary was used for recent close, market cap, PE ratio and 52-week range.",market,estimated,L5,2026-04-13,2026-04-13,https://www.financecharts.com/stocks/AAPL,research-orchestrator,equity-research-core,medium,not_applicable,"Market data; refresh before current use.",market_pricing,acceptable_for_period,none,monitor,supports_working_view
stockanalysis_aapl_history,short_term_price_action,market_pricing,"StockAnalysis daily history was used for recent daily closes around the April drawdown and rebound.",market,estimated,L5,2026-04-10,2026-04-10,https://stockanalysis.com/stocks/aapl/history/,research-orchestrator,equity-research-core,medium,not_applicable,"Market data; not fundamental validation.",market_pricing,acceptable_for_period,none,monitor,supports_working_view
barrons_aapl_technical_apr2026,trend_interpretation,interpretation,"Barron's framed AAPL as holding its 200-day moving average with upside toward 285 if support near 245 holds.",media,claimed,L4,2026-04-07,2026-04-07,https://www.barrons.com/articles/dow-industrials-tests-key-technical-threshold-watch-apple-home-depot-stocks-d7e59fb5,research-orchestrator,equity-research-core,medium,not_applicable,"Third-party technical interpretation; paid source may require access.",inference,acceptable_for_period,not_checked,attribute,supports_working_view
macrumors_foldable_delay_2026,event_risk,rumor_signal,"MacRumors summarized a Nikkei report that foldable iPhone engineering delays could push launch into 2027.",media,unverified,L4,2026-04-07,2026-04-07,https://www.macrumors.com/2026/04/07/foldable-iphone-delays-could-push-launch-into-2027/,research-orchestrator,equity-research-core,medium,not_applicable,"Event-risk signal only; trace to original reporting before using as thesis anchor.",weak_signal,preliminary,not_checked,monitor,monitoring_only
sec_apple_10k_2025,supply_chain_risk,fact,"Apple FY2025 Form 10-K risk factors cite tariffs and trade measures as possible supply-chain and gross-margin headwinds.",company,verified,L1,2025-10-31,2025-10-31,https://www.sec.gov/Archives/edgar/data/320193/000032019325000079/aapl-20250927.htm,research-orchestrator,equity-research-core,high,not_applicable,"Primary filing risk disclosure.",verified_fact,acceptable_for_period,none,use_normally,supports_durable_conclusion
derived_aapl_apr2026_thesis,integrated_thesis,interpretation,"The April 2026 AAPL thesis was derived from filing, quarterly results, market data and recent event sources.",Prophetis,modeled,L6,2026-04-14,2026-04-14,cases/aapl-2026-04/investment-memo.md,research-orchestrator,equity-research-core,medium,"sec_apple_10k_2025;apple_q1_2026_results;financecharts_aapl_summary;stockanalysis_aapl_history;macrumors_foldable_delay_2026","Derived thesis; use upstream claims for durable conclusions.",inference,acceptable_for_period,none,sensitize,supports_working_view
